player,age,team,war,ab,r,h,double,triple,hr,rbi,sb,bb,k,tb,hbp,sf
Aaron Judge,32,NYY,10.8,559,122,180,36,1,58,144,10,133,171,392,9,2
Bobby Witt Jr,24,KCR,9.4,636,125,211,45,11,32,109,31,57,106,374,8,8
Shohei Ohtani,29,LAD,9.2,636,134,197,38,7,54,130,59,81,162,411,6,5
Gunnar Henderson,23,BAL,9.1,630,118,177,31,7,37,92,21,78,159,333,7,4
Jarren Duran,27,BOS,8.7,671,111,191,48,14,21,75,34,54,160,330,6,3
Juan Soto,25,NYY,7.9,576,128,166,31,4,41,109,7,129,119,328,4,4
Matt Chapman,31,SFG,7.1,575,98,142,39,2,27,78,15,64,158,266,6,2
Francisco Lindor,30,NYM,6.9,618,107,169,39,1,33,91,29,56,127,309,12,3
Jose Ramirez,31,CLE,6.8,620,114,173,39,2,39,118,41,54,82,333,1,6
Ketel Marte,30,ARI,6.8,504,93,147,23,2,36,95,7,65,106,282,5,9
Vladimir Guerrero Jr,25,TOR,6.2,616,98,199,44,1,30,103,2,72,96,335,5,4
Brent Rooker,29,OAK,5.6,546,82,160,26,2,39,112,11,59,177,307,5,4
Riley Greene,23,DET,5.4,512,82,134,27,6,24,74,4,64,156,245,5,2
Yordan Alvarez,27,HOU,5.4,552,88,170,34,2,35,86,6,69,95,313,10,4
Elly De La Cruz,22,CIN,5.2,618,105,160,36,10,25,76,67,69,218,291,6,1
Zach Neto,23,LAA,5.1,542,70,135,34,1,23,77,30,39,140,240,16,1
Corey Seager,30,TEX,5,475,68,132,21,0,30,74,1,53,96,243,3,2
Daulton Varsho,27,TOR,5,459,73,98,21,7,18,58,10,48,137,187,4,1
Masyn Winn,22,STL,4.9,587,85,157,32,5,15,57,11,41,109,244,1,5
William Contreras,26,MIL,4.9,595,99,167,37,2,23,92,9,78,139,277,3,3
Bryce Harper,31,PHI,4.8,550,85,157,42,0,30,87,7,76,138,289,2,2
Mookie Betts,31,LAD,4.8,450,75,130,24,5,19,75,16,61,57,221,1,4
Cal Raleigh,27,SEA,4.7,546,73,120,16,0,34,100,6,70,176,238,6,6
Kyle Tucker,27,HOU,4.7,277,56,80,13,0,23,49,11,56,54,162,1,2
Freddie Freeman,34,LAD,4.7,542,81,153,35,2,22,89,9,78,100,258,10,8
Brice Turang,24,MIL,4.7,559,72,142,24,4,7,57,50,50,105,195,2,3
Jackson Merrill,21,SDP,4.4,554,77,162,31,6,24,90,16,29,101,277,1,5
Marcell Ozuna,33,ATL,4.3,606,96,183,31,0,39,104,1,74,170,331,3,4
Julio Rodriguez,23,SEA,4.3,567,76,155,17,0,20,68,24,38,156,232,6,2
Teoscar Hernandez,31,LAD,4.3,589,84,160,32,2,33,99,12,53,188,295,8,1
Marcus Semien,33,TEX,4.1,650,101,154,27,2,23,74,8,64,105,254,3,1
Alex Bregman,30,HOU,4.1,581,79,151,30,2,26,75,3,44,86,263,5,4
Jeremy Pena,26,HOU,4.1,602,78,160,28,2,15,70,20,25,111,237,14,6
Brenton Doyle,26,COL,4,542,82,141,24,4,23,72,30,46,153,242,3,8
Andres Gimenez,25,CLE,4,583,64,147,22,1,9,63,30,26,97,198,15,6
Steven Kwan,26,CLE,4,480,83,140,16,3,14,44,12,53,51,204,5,0
Dansby Swanson,30,CHC,3.9,534,82,129,27,2,16,66,19,54,144,208,2,3
Wyatt Langford,22,TEX,3.9,499,74,126,25,4,16,74,19,51,115,207,4,3
Ian Happ,29,CHC,3.9,569,89,138,34,2,25,86,13,80,168,251,6,2
Matt Olson,30,ATL,3.8,600,78,148,37,1,29,98,0,71,170,274,9,5
Ezequiel Tovar,22,COL,3.8,655,83,176,45,4,26,78,6,23,200,307,4,7
Jackson Chourio,20,MIL,3.8,528,80,145,29,4,21,79,22,39,121,245,3,2
Nico Hoerner,27,CHC,3.7,582,86,159,35,1,7,48,31,44,66,217,12,3
Rafael Devers,27,BOS,3.7,525,87,143,34,5,28,83,3,67,147,271,3,6
Carlos Correa,29,MIN,3.7,319,55,99,20,2,14,54,0,40,61,165,3,4
Byron Buxton,30,MIN,3.6,355,62,99,27,3,18,56,7,20,99,186,11,2
Isiah Kiner-Falefa,29,2TM,3.6,465,53,125,18,4,8,43,11,16,78,175,10,2
Jurickson Profar,31,SDP,3.6,564,94,158,29,0,24,85,10,76,101,259,18,5
Bryan Reynolds,29,PIT,3.6,622,73,171,29,3,24,88,10,57,156,278,10,3
Will Smith,29,LAD,3.5,476,77,118,24,2,20,75,1,51,105,206,9,8
Seiya Suzuki,29,CHC,3.5,512,74,145,27,6,21,73,16,63,160,247,5,8
Kyle Schwarber,31,PHI,3.5,573,110,142,22,0,38,104,5,106,197,278,6,4
Geraldo Perdomo,24,ARI,3.5,337,61,92,21,2,3,37,9,36,58,126,3,5
Ernie Clement,28,TOR,3.4,434,48,114,21,3,12,51,12,11,41,177,3,2
Miguel Rojas,35,LAD,3.4,307,41,87,21,0,6,36,8,23,34,126,3,2
Anthony Volpe,23,NYY,3.4,637,90,155,27,7,12,60,28,42,156,232,4,3
Wilyer Abreu,25,BOS,3.4,399,59,101,33,2,15,58,8,40,125,183,3,5
Adley Rutschman,26,BAL,3.4,571,68,143,21,1,19,79,1,58,103,223,2,7
Jose Altuve,34,HOU,3.4,628,94,185,31,0,20,65,22,47,119,276,7,0
CJ Abrams,23,WSN,3.4,541,79,133,29,6,20,65,31,40,128,234,16,4
Corbin Carroll,23,ARI,3.4,589,121,136,22,14,22,74,35,73,130,252,10,9
Yainer Diaz,25,HOU,3.3,585,70,175,29,3,16,84,2,24,107,258,2,8
Josh Smith,26,TEX,3.2,523,67,135,30,1,13,62,11,46,121,206,18,3
Luke Raley,29,SEA,3.2,404,58,98,19,2,22,58,11,27,135,187,20,2
Michael Harris II,23,ATL,3.2,440,58,116,14,3,16,48,10,23,94,184,4,3
Victor Robles,27,2TM,3.1,254,44,78,20,0,4,28,34,21,53,110,11,3
Mark Vientos,24,NYM,3.1,413,58,110,22,0,27,71,0,33,135,213,3,5
Brandon Marsh,26,PHI,3.1,418,55,104,17,3,16,60,19,50,154,175,2,5
Willy Adames,28,MIL,3.1,610,93,153,33,0,32,112,21,74,173,282,1,3
Eugenio Suarez,32,ARI,3.1,571,90,146,28,2,30,101,2,49,176,268,9,11
Jose Iglesias,34,NYM,3.1,270,39,91,16,1,4,26,6,12,39,121,8,1
Manny Machado,31,SDP,3.1,593,77,163,30,0,29,105,11,45,124,280,1,4
Colton Cowser,24,BAL,3.1,499,77,121,24,3,24,69,9,52,172,223,7,3
Max Muncy,33,LAD,3,237,47,55,17,0,15,48,1,45,77,117,5,6
Trea Turner,31,PHI,3,505,88,149,25,0,21,62,19,27,98,237,6,1
J.T. Realmuto,33,PHI,3,380,50,101,18,1,14,47,2,27,102,163,5,1
Freddy Fermin,29,KCR,3,339,40,92,14,0,6,36,2,23,66,124,2,3
Alec Bohm,27,PHI,3,554,62,155,44,2,15,97,5,40,86,248,6,6
Matt Vierling,27,DET,3,518,80,133,28,5,16,57,6,41,121,219,3,5
Lawrence Butler,23,OAK,3,412,63,108,24,2,22,57,18,35,108,202,0,4
Willson Contreras,32,STL,3,301,48,79,17,0,15,36,4,45,96,141,12,0
Anthony Santander,29,BAL,2.9,595,91,140,25,2,44,102,2,58,129,301,7,5
Austin Riley,27,ATL,2.9,425,63,109,26,2,19,56,0,37,118,196,5,2
Shea Langeliers,26,OAK,2.9,482,58,108,18,2,29,80,4,41,145,217,5,6
Joc Pederson,32,ARI,2.9,367,62,101,17,1,23,64,7,55,105,189,18,3
Michael Busch,26,CHC,2.8,496,73,123,28,2,21,65,2,63,162,218,4,4
Ceddanne Rafaela,23,BOS,2.8,544,70,134,23,5,15,75,19,15,151,212,7,3
Tyler Fitzgerald,26,SFG,2.8,314,53,88,19,2,15,34,17,22,108,156,4,1
Jacob Young,24,WSN,2.8,468,75,120,24,1,3,36,33,30,102,155,12,2
Nathaniel Lowe,28,TEX,2.7,486,62,129,16,1,16,69,2,71,125,195,4,4
Isaac Paredes,25,2TM,2.7,542,64,129,25,1,19,80,1,76,105,213,17,6
Joey Ortiz,25,MIL,2.7,440,58,105,25,6,11,60,11,56,103,175,6,6
J.P. Crawford,29,SEA,2.7,392,55,79,16,2,9,37,5,52,102,126,6,1
Logan O'Hoppe,24,LAA,2.7,479,64,117,17,1,20,56,2,33,155,196,8,1
Jazz Chisholm Jr,26,2TM,2.7,562,74,144,21,4,24,73,40,53,152,245,4,2
Tyler O'Neill,29,BOS,2.6,411,74,99,18,0,31,61,4,53,159,210,7,2
Fernando Tatis Jr,25,SDP,2.6,398,64,110,21,1,21,49,11,32,96,196,7,1
David Hamilton,26,BOS,2.6,294,47,73,17,1,8,28,33,22,80,116,1,0
Brendan Donovan,27,STL,2.6,587,65,163,34,3,14,73,5,47,81,245,13,5
Gabriel Moreno,24,ARI,2.6,305,39,81,18,1,5,45,3,41,52,116,2,3
Pete Alonso,29,NYM,2.6,608,91,146,31,0,34,88,3,70,172,279,13,4
Christian Walker,33,ARI,2.6,479,72,120,26,0,26,84,2,55,133,224,10,8
Ha-Seong Kim,28,SDP,2.6,403,60,94,16,3,11,47,22,58,77,149,2,3
Ryan Mountcastle,27,BAL,2.6,473,54,128,30,2,13,63,3,27,114,201,1,6
Otto Lopez,25,MIA,2.6,403,49,109,23,1,6,39,20,25,75,152,5,2
Cedric Mullins,29,BAL,2.6,444,69,104,16,3,18,54,32,41,98,180,1,2
Salvador Perez,34,KCR,2.5,590,58,160,28,0,27,104,0,44,129,269,11,6
Nolan Arenado,33,STL,2.5,578,70,157,23,0,16,71,2,44,92,228,5,7
Austin Wells,24,NYY,2.5,354,42,81,18,1,13,55,1,47,87,140,5,7
Ryan McMahon,29,COL,2.5,567,68,137,28,0,20,65,4,69,185,225,3,4
Bryson Stott,26,PHI,2.5,506,65,124,19,2,11,57,32,53,93,180,6,2
Carlos Santana,38,MIN,2.5,521,63,124,26,0,23,71,4,65,99,219,3,9
Oneil Cruz,25,PIT,2.5,541,72,140,34,3,21,76,22,51,181,243,3,4
Jordan Westburg,25,BAL,2.4,416,57,110,26,5,18,63,6,22,97,200,7,1
Tyler Stephenson,27,CIN,2.4,457,69,118,26,1,19,66,1,48,117,203,8,2
Brandon Lowe,29,TBR,2.4,385,56,94,19,3,21,58,5,33,112,182,5,2
Heliot Ramos,24,SFG,2.3,475,54,128,23,3,22,72,6,37,135,223,2,4
Edmundo Sosa,28,PHI,2.3,249,39,64,12,4,7,31,7,13,66,105,8,2
Taylor Ward,30,LAA,2.3,585,73,144,26,2,25,75,6,63,163,249,7,8
Pete Crow-Armstrong,22,CHC,2.3,372,46,88,13,6,10,47,27,21,98,143,6,3
Kevin Newman,30,ARI,2.2,288,41,80,17,1,3,28,8,15,48,108,0,2
Brandon Nimmo,31,NYM,2.2,571,88,128,25,3,23,90,15,77,158,228,12,3
Michael Toglia,25,COL,2.2,399,62,87,14,3,25,55,10,54,147,182,1,3
Christian Yelich,32,MIL,2.2,270,44,85,12,3,11,42,21,40,58,136,2,1
Luis Garcia Jr,24,WSN,2.2,500,58,141,25,1,18,70,22,27,86,222,3,5
Cody Bellinger,28,CHC,2.2,516,72,137,23,3,18,78,9,45,89,220,0,1
Randal Grichuk,32,ARI,2.2,254,40,74,20,2,12,46,0,20,46,134,3,2
Kerry Carpenter,26,DET,2.2,264,37,75,16,5,18,57,0,22,75,155,1,1
Parker Meadows,24,DET,2.2,270,39,66,12,6,9,28,9,25,76,117,4,3
Josh Rojas,30,SEA,2.2,422,48,95,19,2,8,31,10,46,108,142,3,2
Dylan Moore,31,SEA,2.2,368,53,74,23,4,10,42,32,53,123,135,14,5
Joey Bart,27,PIT,2.2,253,38,67,11,0,13,45,0,22,73,117,6,1
Matt Wallner,26,MIN,2.2,220,26,57,17,1,13,37,3,24,95,115,16,1
Mike Yastrzemski,33,SFG,2.1,428,60,99,16,9,18,57,3,38,124,187,6,1
JJ Bleday,26,OAK,2.1,572,74,139,43,4,20,60,2,67,125,250,2,0
Gavin Lux,26,LAD,2.1,439,59,110,24,2,10,50,5,44,110,168,2,2
Sal Frelick,24,MIL,2.1,475,66,123,22,4,2,32,18,39,78,159,4,1
LaMonte Wade Jr,30,SFG,2.1,331,45,86,16,0,8,34,2,62,90,126,4,3
Ryan Jeffers,27,MIN,2.1,412,56,93,22,0,21,64,3,32,94,178,14,6
Garrett Mitchell,25,MIL,2,196,33,50,12,3,8,21,11,25,71,92,1,0
Tyrone Taylor,30,NYM,2,319,47,79,22,3,7,35,11,19,80,128,5,1
Alejandro Kirk,25,TOR,2,340,23,86,19,1,5,54,0,35,51,122,2,9
Lourdes Gurriel Jr,30,ARI,2,513,72,143,22,2,18,75,7,29,101,223,6,5
Jesse Winker,30,2TM,2,430,63,109,23,0,14,58,14,63,106,174,10,3
Xavier Edwards,24,MIA,2,265,39,87,12,5,1,26,31,33,52,112,0,4
Ryan O'Hearn,30,BAL,2,443,60,117,21,3,15,59,3,46,69,189,2,3
Brayan Rocchio,23,CLE,1.9,383,50,79,18,0,8,36,10,44,90,121,8,5
Miguel Amaya,25,CHC,1.9,328,32,76,13,2,8,47,0,23,62,117,4,3
Jake Cronenworth,30,SDP,1.9,577,72,139,29,3,17,83,5,61,118,225,11,3
Luis Rengifo,27,LAA,1.9,283,41,85,13,1,6,30,24,16,44,118,4,0
